station,PM2.5_overlimit,PM10_overlimit,SO2_overlimit,CO_overlimit,O3_overlimit,NO2_overlimit
Dingling,83.9835728952772,66.18754277891856,4.791238877481177,1.0053561710537622,18.13364649271045,40.824334775012176
Guanyuan,93.15537303216973,81.3141683778234,12.388774811772759,2.993395660005146,16.473682705778085,82.19973125196557
Gucheng,92.95003422313484,87.13210130047912,9.377138945927447,3.2609318585592293,16.751676313828874,76.03301048770703
